DEPARTAMENTO,PROVINCIA,n_casos_posi,edad_media_posi,edad_mediana_posi,hombres_posi,mujeres_posi,n_casos_fac,edad_media_fac,edad_mediana_fac,hombres_fac,mujeres_fac,n_registros,N_CIU,N_ELEC_HABIL,VOTOS_PL,VOTOS_FP,V_BLANCOS,V_NULOS,coci_no_electricidad,coci_si_electricidad,No_GLP,Si_GLP,No_carbon,Si_carbon,No_le침a,Si_le침a,Total_h,Ladrillo_cemento,Piedra_sillar,Adobe,Tapia,Quincha,Piedra_barro,Madera_pared,Triplay_pared,Otro_pared,Concreto_armado,Madera_techo,Tejas,Calamina,Ca침a,Triplay_techo,Paja,Otro_techos,Parquet,L치minas,Losetas,Madera_piso,Cemento,Tierra,Otro_piso,Red_inte_vivienda,Red_fuera_vivienda,Pilon_pileta,Camion_cisterna,Pozo,Manantial,Rio_lago,Otro_agua,Vecino,Si_alum_elec,No_alum_elec,Total
AMAZONAS,BAGUA,8126,40.5806054639429,40,3676,4450,270,67.0333333333333,70,173,97,222,38970,62110,25980,10770,293,1927,20313,161,10557,9917,20185,289,7357,13117,20474,4633,46,6639,222,2518,127,4484,851,0,2187,294,179,13186,160,106,3408,0,6,19,647,157,7121,11569,1,9429,4392,793,59,1792,270,2648,56,81,13204,6316,19520
AMAZONAS,BONGARA,389,40.2827763496144,40,187,202,25,64.32,67,12,13,77,14576,20917,8374,5209,158,835,7689,124,3154,4659,7755,58,2345,5468,7813,1602,9,2729,240,157,36,2505,30,0,692,75,382,6084,38,5,32,0,5,2,165,132,2917,4087,0,4569,1497,215,0,474,67,388,61,37,6025,1283,7308
AMAZONAS,CHACHAPOYAS,2174,39.1780128794848,37,1072,1102,61,64.1803278688525,67,44,17,150,28447,40752,15671,10473,274,2029,14763,574,4696,10641,15161,176,7236,8101,15337,3782,22,5881,2476,309,168,1270,91,0,2262,160,3393,8005,50,14,115,0,23,36,1077,240,6189,6434,0,10647,1619,184,49,876,92,488,24,20,12248,1751,13999
AMAZONAS,CONDORCANQUI,3481,34.3116920425165,32,1469,2012,79,51.5063291139241,57,56,23,138,16195,38273,14024,1446,87,638,9853,14,8331,1536,9841,26,1059,8808,9867,291,7,672,8,386,7,8145,200,0,56,188,177,2036,15,10,7234,0,2,0,20,1523,943,7228,0,1307,867,1003,2,2564,431,3428,80,34,1792,7924,9716
AMAZONAS,LUYA,456,35.2916666666667,32,195,261,20,65,63.5,9,11,133,21879,35017,12606,7840,273,1160,13112,90,6863,6339,13169,33,1833,11369,13202,430,7,5217,6052,346,54,606,45,0,187,43,3071,9343,26,12,75,0,4,0,46,295,1911,10501,0,7172,3097,1112,0,819,132,369,9,47,10886,1871,12757
AMAZONAS,RODRIGUEZ DE MENDOZA,110,42.3090909090909,35.5,60,50,9,65,68,4,5,85,14617,22886,7967,5491,153,1006,9103,65,5387,3781,9142,26,1824,7344,9168,1546,7,2778,155,720,28,3646,24,0,480,48,2810,5495,15,5,51,0,3,4,264,176,2974,5483,0,5256,1278,154,0,1020,211,948,29,8,6895,2009,8904
AMAZONAS,UTCUBAMBA,3749,37.7169156883671,35,1956,1793,130,63.9769230769231,65,96,34,300,59182,86231,36540,19222,510,2910,31248,255,15425,16078,31168,335,10790,20713,31503,4727,35,17199,2964,1836,518,2714,210,0,2595,340,308,26620,196,62,82,0,20,32,940,328,10631,18252,0,14712,8760,1308,117,2502,471,2052,104,177,24395,5808,30203
ANCASH,AIJA,79,39.9367088607595,36,48,31,2,77.5,77.5,2,0,24,3945,5817,2325,1413,41,166,1989,16,1527,478,2001,4,219,1786,2005,15,1,1763,70,7,65,2,18,0,9,57,403,1297,10,17,148,0,0,0,4,24,195,1718,0,1451,42,10,0,230,121,76,2,9,1528,413,1941
ANCASH,ANTONIO RAIMONDI,54,37.5925925925926,33.5,26,28,5,59.8,66,1,4,40,6227,10921,5056,788,89,294,3894,33,3151,776,3923,4,351,3576,3927,97,0,658,3014,7,7,3,0,0,29,12,1146,2341,8,4,246,0,0,0,16,17,314,3439,0,3229,222,40,0,190,61,39,1,4,3089,697,3786
ANCASH,ASUNCION,59,44.6271186440678,44,36,23,3,57.3333333333333,60,2,1,21,4083,5968,2860,827,56,340,2347,12,1572,787,2352,7,175,2184,2359,215,3,368,1701,4,6,4,1,0,76,8,1893,314,5,3,3,0,5,1,41,12,409,1834,0,1642,444,4,0,124,27,49,6,6,2032,270,2302
ANCASH,BOLOGNESI,242,43.6487603305785,41,110,132,20,65.75,67.5,13,7,71,12418,18779,7690,3994,122,612,7106,81,4779,2408,7090,97,1771,5416,7187,506,12,3703,2332,27,183,14,41,0,261,46,1365,4554,40,35,517,0,6,8,91,86,1854,4773,0,4930,479,113,0,579,242,456,11,8,5375,1443,6818
ANCASH,CARHUAZ,552,39.9221014492754,38,254,298,41,64.2926829268293,63,21,20,137,30304,38672,18781,8590,587,2346,13370,122,9878,3614,13470,22,2109,11383,13492,1913,3,10846,140,9,15,48,29,0,1543,118,5794,5376,68,60,44,0,14,8,394,20,3212,9355,0,9502,1735,190,4,865,296,283,26,102,10348,2655,13003
ANCASH,CARLOS FERMIN FITZCARRALD,56,39.5178571428571,33.5,20,36,11,70.1818181818182,72,7,4,51,9127,14010,6462,1697,241,727,5289,19,4449,859,5301,7,354,4954,5308,107,0,1326,3728,0,20,4,3,0,62,14,3559,1254,6,14,279,0,1,1,15,11,609,4551,0,3437,1014,85,0,274,76,216,28,58,3398,1790,5188
ANCASH,CASMA,963,45.1433021806854,43,492,471,130,68.8230769230769,71.5,86,44,128,29022,37445,11328,15546,306,1842,14869,370,5218,10021,15050,189,8088,7151,15239,5614,29,4418,11,1097,15,312,3065,0,2884,78,153,3549,4806,3059,32,0,49,19,998,19,6173,7303,0,8800,639,1608,1538,1421,150,275,29,101,11637,2924,14561
ANCASH,CORONGO,37,42.2162162162162,42,14,23,2,76.5,76.5,1,1,24,3835,5688,2174,1460,51,150,2086,17,1593,510,2096,7,221,1882,2103,43,1,1963,11,0,5,1,1,0,19,4,610,1353,16,1,22,0,0,0,4,4,417,1600,0,1522,90,10,0,194,100,100,3,6,1816,209,2025
ANCASH,HUARAZ,6741,40.8359293873313,39,3374,3367,476,66.7731092436975,68,329,147,446,99416,129360,58628,33193,973,6622,45333,921,15947,30307,46036,218,24753,21501,46254,19070,40,21462,326,95,106,370,340,0,16950,515,7071,16407,326,312,228,0,585,323,6917,253,18415,15316,0,33928,4664,657,40,1266,286,775,72,121,37487,4322,41809
ANCASH,HUARI,275,40.2436363636364,37,136,139,39,64.5384615384615,69,33,6,203,36717,56793,27357,6734,437,2189,16191,123,12787,3527,16284,30,1883,14431,16314,956,4,2182,12002,12,82,59,76,1,617,82,7280,6781,44,59,510,1,12,3,129,126,2857,12247,0,12430,1451,518,4,576,175,150,23,47,12419,2955,15374
ANCASH,HUARMEY,1569,41.9260204081633,41,732,837,74,69.8513513513514,68.5,43,31,82,17699,23652,7621,9228,119,731,9365,193,2208,7350,9360,198,6874,2684,9558,4490,7,1593,27,353,9,587,2164,0,2551,101,202,1853,2336,2150,37,0,27,14,996,63,4276,3854,0,5977,502,541,1486,470,11,148,48,47,7748,1482,9230
ANCASH,HUAYLAS,1168,39.9905821917808,38,516,652,71,68.056338028169,70,42,29,149,31010,42646,13625,14452,530,2403,14868,142,9411,5599,14978,32,3659,11351,15010,2289,16,11751,158,5,27,25,58,0,1775,98,4957,7286,75,87,51,0,37,22,607,28,3838,9797,0,9514,2092,84,2,1121,507,863,22,124,12031,2298,14329
ANCASH,MARISCAL LUZURIAGA,172,38.5058139534884,33.5,80,92,10,67.9,73.5,6,4,61,10981,16100,8383,1628,308,662,6119,14,5573,560,6127,6,194,5939,6133,32,2,4036,1804,2,6,2,1,0,15,13,5024,725,1,6,101,0,0,1,2,16,395,5471,0,2218,1206,14,0,1267,456,620,13,91,4090,1795,5885
ANCASH,OCROS,83,40.6506024096386,33,46,37,8,53.5,53,6,2,25,3490,5468,1642,1729,25,94,2591,26,1964,653,2603,14,377,2240,2617,153,6,1951,79,74,29,19,238,0,44,11,335,1671,200,260,28,0,2,0,14,23,354,2156,0,1474,162,62,14,224,85,468,21,39,1752,797,2549
ANCASH,PALLASCA,83,43.1927710843374,41,39,44,14,60.8571428571429,67,12,2,67,10970,17769,7451,2754,160,605,6788,24,6010,802,6749,63,507,6305,6812,167,7,4290,1811,7,97,14,12,0,48,23,3704,2252,57,13,308,0,2,1,16,100,837,5449,0,4705,676,25,0,412,153,410,9,15,5212,1193,6405
ANCASH,POMABAMBA,358,38.2932960893855,36,161,197,20,74.55,76,11,9,69,12911,18893,9061,2527,307,1016,7258,28,6214,1072,7273,13,633,6653,7286,224,6,4474,2209,3,17,8,3,0,125,10,4843,1552,0,6,408,0,1,0,22,60,1152,5709,0,4262,1641,53,2,591,154,163,16,62,4671,2273,6944
ANCASH,RECUAY,326,44.6901840490798,43,152,174,20,66.4,67.5,12,8,63,11206,16039,7790,2839,110,467,5370,53,3585,1838,5405,18,1050,4373,5423,447,5,4027,398,40,67,22,78,0,341,54,1857,2519,48,120,145,0,3,2,62,50,1389,3578,0,3379,280,215,0,430,179,565,23,13,4050,1034,5084
ANCASH,SANTA,17331,43.2248124639354,42,8662,8669,1912,68.2029288702929,70,1310,602,1201,269421,356727,119916,125495,1585,22425,119443,4473,12659,111257,122492,1424,108350,15566,123916,77707,261,10995,37,866,76,2454,24361,0,56371,673,1046,30150,8915,19413,189,0,1309,666,22197,282,61225,31076,2,85149,4736,4418,17387,1607,276,2518,171,495,106077,10680,116757
ANCASH,SIHUAS,250,44.552,45,115,135,12,65.1666666666667,70,9,3,81,14185,21668,9602,3439,281,863,7825,50,6640,1235,7860,15,708,7167,7875,258,3,6186,1147,4,19,7,7,0,149,10,3361,3294,13,9,795,0,4,1,46,3,1038,6539,0,4789,1322,43,2,912,250,277,18,18,5938,1693,7631
ANCASH,YUNGAY,432,40.2800925925926,38,216,216,40,65.95,69,25,15,159,32275,43850,19705,9295,651,2624,14723,120,10053,4790,14803,40,2098,12745,14843,1262,16,12530,267,19,34,70,80,0,976,44,5697,7330,42,88,101,0,11,7,212,23,3095,10930,0,9396,2420,409,5,677,238,1046,26,61,11409,2869,14278
APURIMAC,ABANCAY,4271,39.6609693280262,38,2060,2211,160,67.1875,70,95,65,292,62172,82538,43244,15012,498,3418,33780,490,10121,24149,34111,159,16860,17410,34270,12592,59,19491,69,26,61,213,127,0,10044,274,11830,10037,86,47,320,0,239,243,3212,902,13886,14156,0,22261,7189,1152,5,1053,348,509,29,92,29588,3050,32638
APURIMAC,ANDAHUAYLAS,1824,39.5948464912281,38,937,887,99,67.979797979798,71,56,43,393,83607,113295,65475,13578,848,3706,42100,447,26207,16340,42441,106,9749,32798,42547,8928,20,29596,653,40,456,285,376,0,6918,155,12127,19672,141,77,1264,0,249,94,1339,462,8227,29983,0,23858,12147,1435,15,1602,582,335,90,290,31916,8438,40354
APURIMAC,ANTABAMBA,112,40.8482142857143,37,51,61,8,74.875,77,6,2,35,6038,9274,4797,910,63,268,4049,31,2594,1486,4067,13,921,3159,4080,88,9,3245,6,1,608,6,7,1,40,4,617,2655,3,5,646,1,0,0,5,54,371,3541,0,1148,1797,131,0,561,170,120,10,34,2736,1235,3971
APURIMAC,AYMARAES,300,43.6966666666667,43,154,146,33,67.8181818181818,72,23,10,83,14686,21331,11122,2792,156,616,8676,69,4572,4173,8712,33,1184,7561,8745,790,7,7518,22,2,204,32,18,0,434,33,5212,2636,15,8,255,0,5,14,97,102,1299,7076,0,4623,2534,185,2,678,212,306,11,42,7077,1516,8593
APURIMAC,CHINCHEROS,349,40.2922636103152,36,164,185,32,71.875,78.5,19,13,124,24984,35242,19791,3938,251,1004,13708,89,10640,3157,13762,35,1508,12289,13797,934,8,11981,121,68,28,222,110,0,760,24,2736,9248,29,25,650,0,17,4,96,163,1980,11212,0,8815,3220,347,0,438,192,364,31,65,10075,3397,13472
APURIMAC,COTABAMBAS,611,37.3453355155483,35,330,281,27,60,66,18,9,129,24013,36070,20212,1961,343,1497,15051,197,10197,5051,15143,105,5496,9752,15248,1520,23,12500,49,4,361,17,37,0,717,23,2258,7032,15,24,4442,0,35,41,235,268,2102,11830,0,6705,2531,2416,14,1811,723,194,42,75,10011,4500,14511
APURIMAC,GRAU,127,43.2283464566929,40,69,58,8,71.5,74.5,4,4,69,11904,18250,9703,1475,190,536,7324,37,5273,2088,7341,20,1133,6228,7361,240,6,6465,36,0,217,24,21,0,130,11,2938,3196,9,6,719,0,0,0,11,131,694,6173,0,500,4699,221,0,916,315,324,7,27,5548,1461,7009
AREQUIPA,AREQUIPA,41760,44.3671216475096,43,21637,20123,3826,68.8204391008887,70,2142,1684,3078,732161,901611,433994,255453,2540,40174,316729,11031,22740,305020,326375,1385,298529,29231,327760,250521,16361,12698,35,1649,844,3479,3998,2,204624,1811,1020,77433,2488,2025,184,2,16193,17247,53890,1279,171748,29218,12,216650,14668,37171,13013,5763,219,1158,297,648,266851,22736,289587
AREQUIPA,CAMANA,1388,42.5244956772334,41,726,662,87,67.0804597701149,66,39,48,169,36930,48565,20623,14197,185,1925,18532,537,2367,16702,18999,70,16372,2697,19069,10669,232,660,18,2655,68,2307,1467,0,8504,914,282,5216,1792,1287,81,0,243,230,2155,273,10220,4954,1,12402,1064,920,3075,233,21,289,43,29,16165,1911,18076
AREQUIPA,CARAVELI,769,40.1534460338101,39,406,363,54,67.4814814814815,70.5,25,29,95,18707,26213,8422,9434,103,748,12048,218,1729,10537,12210,56,9864,2402,12266,5867,45,1978,6,260,27,1774,1851,0,4225,438,219,4143,1490,1224,69,0,42,53,976,95,7526,3116,0,6702,833,179,3630,146,9,241,21,47,10325,1483,11808
AREQUIPA,CASTILLA,561,42.1960784313726,41,298,263,35,71.8285714285714,71,20,15,96,17862,25959,12800,4070,120,872,10687,110,2855,7942,10737,60,5475,5322,10797,3136,65,5002,26,814,714,180,157,0,2364,109,199,4837,1742,444,399,0,35,69,495,152,5527,3816,0,7775,629,309,64,557,188,516,12,44,8861,1233,10094
AREQUIPA,CAYLLOMA,1793,43.0886781929727,42,908,885,153,67.2222222222222,68,70,83,265,57040,74641,46879,7559,328,2274,28933,488,6093,23328,29284,137,19746,9675,29421,13315,695,4197,156,178,3366,1353,4052,0,7002,333,248,16906,482,1652,689,0,76,112,858,150,14773,11343,0,15731,2941,1084,4524,1446,410,950,150,76,20586,6726,27312
AREQUIPA,CONDESUYOS,273,40.6043956043956,39,186,87,14,66.9285714285714,64.5,9,5,46,7634,11940,5918,1299,65,352,5021,28,1938,3111,5037,12,2563,2486,5049,831,105,2353,12,210,496,213,638,0,495,50,57,3516,319,123,298,0,3,7,61,25,1454,3308,0,2195,219,451,372,823,142,646,1,9,3326,1532,4858
AREQUIPA,ISLAY,1782,43.4859708193042,43,893,889,141,67.5390070921986,68,40,101,158,35687,45429,24149,9743,164,1631,16335,432,2379,14388,16716,51,14151,2616,16767,10089,97,383,5,1498,21,1228,2090,0,7839,438,152,5180,988,782,32,0,287,260,2011,314,9399,3140,0,12190,534,1059,790,267,16,450,40,65,13733,1678,15411
AREQUIPA,LA UNION,59,36.864406779661,34,33,26,5,85.4,90,4,1,43,6686,10910,5300,867,94,425,4359,34,2608,1785,4375,18,707,3686,4393,171,13,3303,3,15,713,3,21,0,118,55,34,3605,60,10,360,0,3,3,17,43,720,3456,0,2759,294,123,0,540,213,308,0,5,3329,913,4242
AYACUCHO,CANGALLO,228,42.7017543859649,40,101,127,24,75.0416666666667,79,19,5,92,17671,25505,14901,1825,188,757,10329,90,6626,3793,10376,43,1136,9283,10419,461,31,8776,402,3,577,9,18,0,352,20,2707,6578,27,28,565,0,3,2,33,39,1312,8888,0,6262,2232,401,0,683,313,332,16,38,7164,3113,10277
AYACUCHO,HUAMANGA,10044,41.542214257268,40,4998,5046,551,64.3865698729583,68,384,167,733,166986,212392,130495,28067,983,7441,76581,1685,23608,54658,77940,326,40674,37592,78266,33660,447,31336,1866,42,1779,255,386,0,31471,159,12553,23697,515,320,1056,0,571,447,8359,267,30357,29770,0,52367,8953,2640,891,2212,761,1385,122,440,60531,9240,69771
AYACUCHO,HUANCA SANCOS,77,50.2987012987013,48,35,42,3,69.6666666666667,69,2,1,31,5054,7571,4219,560,61,214,3060,33,1605,1488,3081,12,541,2552,3093,202,39,2221,8,3,402,12,17,0,197,12,986,1394,11,20,284,0,1,2,17,17,386,2481,0,2047,465,19,0,211,74,72,5,11,2117,787,2904
AYACUCHO,HUANTA,1955,39.8680306905371,37,944,1011,101,68.3465346534653,68,73,28,245,47628,70009,37717,7682,439,1790,25715,369,12406,13678,26016,68,8068,18016,26084,4996,29,9332,4080,42,690,5634,152,0,3936,348,3281,15861,135,93,1301,0,52,63,771,657,7195,16217,0,15557,4134,1765,16,2166,627,465,61,164,20583,4372,24955
AYACUCHO,LA MAR,939,37.9840255591054,35,476,463,58,59.1724137931035,60.5,30,28,203,38437,57117,31155,5411,351,1520,20883,231,12736,8378,21070,44,5098,16016,21114,3803,21,8421,2695,67,648,4738,149,0,2375,342,2654,13920,92,55,1104,0,33,24,296,655,5004,14530,0,11421,5332,1087,9,1216,695,661,26,95,14442,6100,20542
AYACUCHO,LUCANAS,771,42.3035019455253,40,362,409,51,71.3137254901961,73,30,21,143,23044,35663,15932,5958,214,940,17989,181,10386,7784,18092,78,4969,13201,18170,836,29,14021,26,225,933,608,647,0,552,75,1931,13363,333,375,696,0,1,4,96,170,3394,13660,0,10802,2325,440,1056,1017,597,956,52,80,13145,4180,17325
AYACUCHO,PARINACOCHAS,763,46.8165137614679,45,342,421,27,70.6296296296296,72,19,8,69,11574,18008,8985,1992,125,472,8180,67,3499,4748,8209,38,3356,4891,8247,539,7,6546,11,23,489,48,109,0,259,66,119,6651,53,49,575,0,1,5,46,68,2017,5635,0,5509,842,256,143,460,145,337,31,49,6616,1156,7772
AYACUCHO,PAUCAR DEL SARA SARA,191,41.2565445026178,40,77,114,13,77.6923076923077,79,8,5,30,4438,6659,3051,1129,32,226,3288,45,1768,1565,3320,13,767,2566,3333,197,9,2623,3,2,247,10,12,5,75,18,314,2607,3,6,80,5,0,1,34,11,630,2432,0,2676,143,35,5,106,52,74,7,10,2695,413,3108
AYACUCHO,SUCRE,36,40.4444444444444,36,19,17,8,66.875,70,2,6,33,4749,7708,3425,1041,72,211,3396,16,2184,1228,3403,9,517,2895,3412,114,11,2903,6,0,309,3,3,0,100,10,1455,1583,2,6,193,0,2,1,12,9,454,2871,0,1291,1500,50,0,279,105,103,5,16,2686,663,3349
AYACUCHO,VICTOR FAJARDO,197,45.243654822335,43,99,98,20,74.2,74,15,5,66,10389,16777,8745,969,113,562,7293,80,4812,2561,7356,17,950,6423,7373,275,14,6427,91,2,370,16,17,0,235,19,2353,4122,7,15,461,0,3,14,38,42,802,6313,0,4662,1497,260,0,382,211,159,14,27,5652,1560,7212
AYACUCHO,VILCAS HUAMAN,92,45.0652173913044,43.5,44,48,4,73.25,73,2,2,59,10397,15873,8199,1427,108,663,6121,49,4642,1528,6157,13,474,5696,6170,206,3,5824,29,10,34,10,13,0,168,11,1853,3813,13,10,261,0,0,2,25,38,681,5383,0,3526,1416,294,0,472,178,194,19,30,4679,1450,6129
CAJAMARCA,CAJABAMBA,644,44.7981366459627,42,314,330,63,66.2380952380952,70,42,21,197,36527,57201,18407,14637,548,2935,20856,176,14308,6724,20998,34,3242,17790,21032,1887,14,16795,1239,97,55,33,26,0,1445,104,15407,2448,290,28,424,0,12,12,266,159,3891,15806,0,10029,6278,433,54,1836,670,586,55,205,15151,4995,20146
CAJAMARCA,CAJAMARCA,9279,39.6003879728419,37,4696,4583,679,66.3519882179676,68,445,234,944,210366,273272,114306,79417,2174,14469,94664,1513,40346,55831,95186,991,42808,53369,96177,39431,87,25462,20357,313,456,1006,412,0,33191,999,31416,21021,462,169,266,0,1520,385,14163,1086,31242,39128,0,62245,13093,2510,114,6021,2006,757,253,525,75635,11889,87524
CAJAMARCA,CELENDIN,426,41.2605633802817,37,213,213,50,71.12,77,31,19,240,41756,67577,31762,7597,423,1974,23717,181,17599,6299,23792,106,3534,20364,23898,1919,28,4175,16606,105,138,35,39,0,1084,146,9161,12398,53,35,168,0,12,10,228,129,4041,18625,0,11752,3728,1477,73,4667,625,498,86,139,17035,6010,23045
CAJAMARCA,CHOTA,1004,40.9282868525896,39,494,510,65,70.2153846153846,76,37,28,420,81724,121394,66988,10980,746,3010,44133,360,30604,13889,43904,589,7191,37302,44493,7556,52,20788,9738,771,3485,233,106,0,3878,384,7246,30568,363,130,160,0,52,26,1227,674,9134,31616,0,17137,11594,1779,11,8609,1428,1786,183,202,37503,5226,42729
CAJAMARCA,CONTUMAZA,223,48.2286995515695,48,113,110,23,70.2608695652174,73,16,7,80,14860,21730,8516,5482,191,671,9041,47,6007,3081,9057,31,2314,6774,9088,639,4,7914,23,97,30,18,14,0,391,62,1714,6393,85,24,70,0,3,3,169,213,2772,5579,0,5229,862,399,8,1345,361,468,17,50,6191,2548,8739
CAJAMARCA,CUTERVO,875,41.7691428571429,39,447,428,58,68.3793103448276,70,39,19,335,61194,98205,42346,15584,514,2750,36425,220,25273,11372,36303,342,6100,30545,36645,4356,33,24895,1016,1427,2677,1230,107,0,2915,180,2751,29521,176,73,125,0,24,15,567,473,8665,25997,0,15102,8422,2083,8,6645,1478,1688,124,191,26411,9330,35741
CAJAMARCA,HUALGAYOC,1192,37.5167785234899,36,654,538,55,72.1454545454546,74,35,20,244,49906,71739,41949,4454,594,2909,25234,189,19552,5871,25224,199,3591,21832,25423,3795,9,8592,11675,70,787,45,80,0,2502,104,6467,15666,94,66,154,0,23,9,506,426,4209,19880,0,8746,6234,3211,85,5447,699,312,163,156,22189,2864,25053
CAJAMARCA,JAEN,8122,40.8595173602561,39,3890,4232,465,67.5612903225807,69,339,126,543,110582,158905,72760,31208,837,5777,52299,806,20402,32703,52508,597,25524,27581,53105,17112,65,26780,260,2478,464,2496,226,0,12218,318,374,36344,513,66,48,0,89,103,3933,187,22160,23409,0,29936,7898,1677,102,5386,1318,3272,147,145,39972,9909,49881
CAJAMARCA,SAN IGNACIO,2350,40.0344680851064,39,1181,1169,99,70.1515151515152,73,70,29,356,70857,103195,53076,14199,564,3018,37095,143,23624,13614,37099,139,7707,29531,37238,3121,25,26163,187,3143,309,2908,148,0,1445,309,281,33512,209,42,206,0,8,14,463,385,9103,26031,0,13099,13382,1719,37,4212,1573,1674,174,134,26807,9197,36004
CAJAMARCA,SAN MARCOS,265,41.8867924528302,39,125,140,25,69.24,75,12,13,144,26052,39727,17596,6307,353,1796,14783,105,10063,4825,14840,48,1811,13077,14888,1923,3,5894,6431,19,293,9,12,0,1605,57,9860,2875,133,20,34,0,23,3,223,45,2712,11578,0,8313,2926,242,4,2019,558,362,64,96,11523,3061,14584
CAJAMARCA,SAN MIGUEL,341,44.8152492668622,44,186,155,25,65.96,65,15,10,144,27294,39653,18354,7467,341,1132,15344,89,11970,3463,15385,48,1598,13835,15433,734,8,12416,1101,182,461,160,42,0,260,45,4077,10606,23,25,68,0,4,2,74,220,2150,12654,0,7286,2998,645,8,1525,467,2122,13,40,11532,3572,15104
CAJAMARCA,SAN PABLO,164,40.7134146341463,36.5,81,83,9,68.2222222222222,73,8,1,68,13059,18527,9781,2593,162,523,6541,21,5131,1431,6551,11,562,6000,6562,237,5,5650,332,68,93,18,5,0,132,49,2017,4183,8,7,12,0,1,0,43,79,1031,5254,0,4502,549,133,0,680,224,279,12,29,4614,1794,6408
CAJAMARCA,SANTA CRUZ,344,43.125,39,202,142,30,68.4,70,22,8,113,20354,32122,13949,5478,192,735,11566,60,8750,2876,11525,101,1523,10103,11626,583,6,9579,242,253,460,124,18,0,253,53,2807,8085,21,12,34,0,4,0,108,275,1752,9126,0,5592,2311,552,2,1394,496,815,36,67,8992,2273,11265
CALLAO,CALLAO,41449,43.5329682260127,42,22285,19164,5320,67.2832706766917,68,3584,1736,2754,655719,824496,198503,410860,2982,43374,254119,12109,34865,231363,264016,2212,260422,5806,266228,183084,1206,4443,62,2802,176,50477,2569,1,156937,22180,1682,55766,2823,4861,570,1,19108,7670,68020,4076,131969,13962,15,192464,23739,15854,10463,1188,0,2,304,806,240611,4209,244820
CUSCO,ACOMAYO,141,38.0709219858156,35,75,66,22,72.4545454545455,76,10,12,69,14343,19229,12645,952,168,578,7037,118,4398,2757,7113,42,841,6314,7155,100,5,6733,19,0,34,11,3,0,45,14,6100,468,5,2,271,0,1,0,7,86,699,6112,0,4808,987,270,0,359,157,266,21,37,5364,1541,6905
CUSCO,ANTA,581,42.3511187607573,41,288,293,64,62.953125,64.5,37,27,168,37641,48975,31243,4173,376,1849,16623,127,9046,7704,16645,105,2906,13844,16750,1802,8,13436,44,25,87,75,50,0,981,35,10249,3674,16,19,553,0,35,14,219,214,2900,12145,0,7829,5211,606,8,1048,425,227,67,106,12663,2864,15527
CUSCO,CALCA,328,44.0579268292683,41.5,165,163,32,62.59375,64,17,15,185,41071,54375,33987,4816,386,1882,18947,112,10571,8488,18924,135,5598,13461,19059,1594,25,14804,55,8,1376,230,81,0,872,92,9761,6409,25,30,984,0,33,21,395,715,4123,12886,0,9005,5010,665,47,1963,762,578,43,100,14033,4140,18173
CUSCO,CANAS,136,39.6985294117647,38.5,86,50,12,71.5833333333333,74.5,7,5,106,22962,29976,20979,957,159,867,10663,38,8490,2211,10669,32,8599,2102,10701,137,2,10282,32,2,58,2,4,0,86,12,1541,4802,10,9,4059,0,2,2,11,168,637,9699,0,4126,1463,716,0,2822,977,361,17,37,6554,3965,10519
CUSCO,CANCHIS,1303,42.7674597083653,41,625,678,112,68.0267857142857,70.5,66,46,275,62923,80435,54914,4959,401,2649,29852,192,11832,18212,29649,395,14616,15428,30044,3715,36,22892,42,12,488,13,24,0,2385,118,4062,18420,89,18,2130,0,136,49,535,2100,6233,18169,0,20579,2492,862,22,1820,488,732,36,191,22543,4679,27222
CUSCO,CHUMBIVILCAS,315,41.3396825396825,38,175,140,13,64.4615384615385,65,8,5,197,40561,56496,37205,1366,392,1598,21086,182,14541,6727,21168,100,10732,10536,21268,924,955,16914,39,7,1773,20,17,1,1234,104,198,11203,57,34,7819,1,24,18,106,238,3060,17204,0,8341,4271,2233,11,3630,1234,759,65,106,12692,7958,20650
CUSCO,CUSCO,16787,42.3342666507804,41,8419,8368,997,65.6058174523571,67,566,431,1207,282029,356439,188294,74858,1366,17511,122395,3968,10803,115560,123607,2756,111327,15036,126363,55808,256,49799,61,74,106,240,287,0,38170,1053,50598,15826,567,197,220,0,9210,2225,23717,12198,39256,20025,0,85442,13016,3085,2359,2029,377,111,63,149,103242,3389,106631
CUSCO,ESPINAR,865,37.7953757225434,36,437,428,43,64.4651162790698,68,28,15,160,36021,45665,31461,2657,280,1623,19020,150,8577,10593,19117,53,16953,2217,19170,3202,76,13797,48,5,740,22,18,1,2449,39,126,12213,77,17,2987,1,68,62,190,489,5108,11991,1,7873,2928,1331,246,3463,1114,880,39,35,10983,6926,17909
CUSCO,LA CONVENCION,3379,39.4785439479136,37,1896,1483,147,62.9115646258503,66,97,50,522,99675,150555,80604,14714,660,3697,42272,482,21446,21308,42587,167,12695,30059,42754,6961,89,19093,246,254,737,13124,557,0,3844,812,337,34171,129,91,1677,0,50,87,815,1816,11911,26382,0,17038,10938,1580,5,5987,4048,1278,76,111,32051,9010,41061
CUSCO,PARURO,108,40.2407407407407,35.5,57,51,18,77.5,78.5,10,8,88,17008,24396,14739,1262,228,779,8165,35,5671,2529,8144,56,833,7367,8200,113,0,7794,32,3,15,16,50,0,77,8,4746,1815,5,4,1368,0,1,0,15,55,584,7368,0,3981,2646,453,0,494,241,145,25,38,5846,2177,8023
CUSCO,PAUCARTAMBO,175,38.5885714285714,37,92,83,8,50.625,51,4,4,121,26686,34593,23356,1898,251,1181,12126,58,8703,3481,12121,63,1620,10564,12184,348,8,8887,493,3,1140,978,49,0,131,50,5528,4361,9,30,1797,0,3,1,21,620,1119,10142,0,2771,4737,1036,3,1728,656,889,46,40,8274,3632,11906
CUSCO,QUISPICANCHI,690,42.3028985507246,39,352,338,95,65.4105263157895,69,50,45,242,53895,69572,45833,5208,454,2400,24468,235,13578,11125,24247,456,7972,16731,24703,2055,25,19748,96,5,1193,387,53,0,1162,93,14707,5205,37,31,2327,0,60,16,437,1239,4527,17283,0,11048,7178,1774,155,1939,640,592,88,148,18572,4990,23562
CUSCO,URUBAMBA,553,42.0198915009042,40,299,254,57,66.1754385964912,70,30,27,186,42892,54574,35261,5475,299,1857,16386,132,7353,9165,16400,118,5875,10643,16518,2448,49,12371,37,2,449,74,54,0,1393,127,10613,2841,39,19,452,0,75,77,731,442,5079,9080,0,11237,2520,501,180,463,163,359,19,42,13231,2253,15484
HUANCAVELICA,ACOBAMBA,660,35.2939393939394,33,287,373,41,70.6829268292683,73,30,11,120,23033,33498,19060,2817,215,941,11600,70,8253,3417,11623,47,1878,9792,11670,434,12,6872,3749,8,124,5,20,0,353,10,7830,2816,22,20,173,0,6,1,70,224,1148,9775,0,6817,1671,734,2,1177,626,99,7,91,8968,2256,11224
HUANCAVELICA,ANGARAES,866,39.0242494226328,36,485,381,63,59.7936507936508,66,42,21,135,26683,37599,22351,2826,338,1168,14192,87,10203,4076,14256,23,3723,10556,14279,1638,41,4881,6739,28,562,22,62,0,1415,27,4901,6457,28,54,1091,0,34,13,171,355,2589,10811,0,6813,3782,692,132,1403,660,424,33,34,9529,4444,13973
HUANCAVELICA,CASTROVIRREYNA,196,35.3163265306123,32,99,97,7,63,64,6,1,60,9591,15346,6194,2962,97,338,5184,35,3614,1605,5196,23,1133,4086,5219,238,12,3259,1017,18,475,29,30,0,140,17,288,4161,11,40,421,0,0,3,17,195,938,3925,0,2208,623,394,0,979,295,551,6,22,3250,1828,5078
HUANCAVELICA,CHURCAMPA,357,39.3697478991597,36,161,196,25,64.64,75,13,12,98,17468,27226,13783,2585,240,860,9910,57,7834,2133,9950,17,1146,8821,9967,455,31,1750,7166,28,204,25,22,0,354,10,3406,5372,33,21,485,0,21,2,50,196,1082,8330,0,3935,3000,707,2,1177,456,333,12,59,7407,2274,9681
HUANCAVELICA,HUANCAVELICA,4320,37.6206018518519,36,2078,2242,189,64.5925925925926,67,128,61,342,69793,95192,58658,7895,472,2768,33074,312,16364,17022,33263,123,15598,17788,33386,8313,303,10130,11825,30,1589,51,88,0,7656,89,9700,12961,102,105,1716,0,272,109,1549,1437,8720,20242,0,19964,5159,2121,71,3103,1335,442,40,94,27114,5215,32329
HUANCAVELICA,HUAYTARA,260,42.0269230769231,40,144,116,17,68.2941176470588,68,11,6,73,10751,18290,6890,3325,111,425,6552,29,4773,1808,6551,30,1770,4811,6581,332,26,4596,587,15,834,12,37,0,260,22,235,5225,61,75,561,0,4,1,68,70,778,5518,0,2137,1152,582,0,1433,586,533,5,11,3689,2750,6439
HUANCAVELICA,TAYACAJA,1181,38.069432684166,36,580,601,52,68.2884615384615,71.5,34,18,266,49530,72692,39343,7372,584,2231,24721,195,18249,6667,24867,49,3490,21426,24916,1188,39,5973,16291,20,629,88,44,0,930,48,11661,10960,43,120,510,0,29,12,134,487,3206,20404,0,13897,4310,1504,3,2656,984,751,45,122,19820,4452,24272
HUANUCO,AMBO,627,43.0606060606061,42,280,347,46,69.9782608695652,69.5,24,22,151,30293,43046,19053,9102,337,1801,14714,152,7563,7303,14818,48,3771,11095,14866,2576,24,2209,9354,18,84,71,15,0,1950,40,1051,10716,52,20,522,0,27,19,360,175,4216,9554,0,6386,2775,1853,30,1607,508,1084,41,67,10364,3987,14351
HUANUCO,DOS DE MAYO,366,40.7595628415301,39,184,182,23,75.5652173913044,76,17,6,101,17789,28260,13494,3224,225,846,9888,40,7682,2246,9899,29,1657,8271,9928,347,6,1741,7141,6,54,183,43,0,203,25,271,7176,9,14,1823,0,4,5,45,268,1301,7898,0,4214,1492,1104,2,1696,512,464,17,20,6157,3364,9521
HUANUCO,HUACAYBAMBA,160,40.55,38.5,77,83,7,83.1428571428572,81,6,1,46,7383,12794,5666,1144,162,411,4408,16,3946,478,4420,4,296,4128,4424,18,0,474,3537,6,23,67,5,0,14,4,2373,1558,12,9,160,0,0,0,3,4,156,3967,0,2321,625,372,0,462,94,236,14,6,3164,966,4130
HUANUCO,HUAMALIES,568,39.7253521126761,37,269,299,27,57.8888888888889,69,13,14,152,26942,42898,20869,4374,361,1338,15424,54,12770,2708,15430,48,1983,13495,15478,831,13,1474,10472,53,149,1643,102,0,216,94,1842,10987,35,41,1522,0,8,5,32,667,1722,12303,0,7579,2305,705,6,2301,715,1028,27,71,9422,5315,14737
HUANUCO,HUANUCO,11515,41.7928428732737,40,5392,6123,619,66.9046849757674,69,378,241,794,169017,228782,100117,56436,1267,11197,78943,1817,26595,54165,80028,732,47247,33513,80760,30618,151,24950,16165,104,398,629,175,0,27576,317,4858,38609,501,127,1202,0,749,434,10209,807,29482,31509,0,41143,7788,5149,2303,7753,2389,6151,187,327,61038,12152,73190
HUANUCO,LAURICOCHA,60,35.3666666666667,32,42,18,8,59.375,65.5,3,5,65,10790,17578,8868,1486,70,366,5579,16,4835,760,5552,43,1840,3755,5595,84,2,807,4433,2,115,14,10,0,44,5,99,3495,4,14,1806,0,1,1,7,63,297,5098,0,754,1927,439,0,1674,462,189,5,17,2684,2783,5467
HUANUCO,LEONCIO PRADO,1660,40.8042168674699,39,736,924,290,67.5586206896552,69,180,110,341,72125,100653,36550,30690,650,4235,35024,494,12603,22915,35151,367,18982,16536,35518,18118,124,414,85,68,40,13464,604,0,7963,786,68,23273,239,92,496,0,129,125,2953,1695,18112,9902,1,15284,3400,1550,129,6729,1375,3983,286,181,25171,7746,32917
HUANUCO,MARANON,288,34.8784722222222,33.5,128,160,14,68.6428571428571,76.5,6,8,77,13370,20200,8579,3809,207,775,7387,37,5590,1834,7399,25,1066,6358,7424,396,3,557,4001,49,29,1994,62,0,66,40,202,6140,26,8,609,0,0,0,17,104,1032,5938,0,2586,1035,879,0,1541,131,888,13,18,3898,3193,7091
HUANUCO,PACHITEA,385,35.3506493506494,32,188,197,25,60.4,64,14,11,145,26723,41193,20480,4568,298,1377,13851,129,9152,4828,13952,28,2481,11499,13980,1215,18,2562,8225,49,117,1045,55,0,524,72,3391,8666,52,24,557,0,6,6,59,491,2003,10721,0,3691,1446,1735,4,2803,929,2601,24,53,7647,5639,13286
HUANUCO,PUERTO INCA,1221,38.0876330876331,37,575,646,21,63.7142857142857,73,16,5,92,16281,26435,9290,5788,189,1014,8870,53,4834,4089,8865,58,3177,5746,8923,666,6,120,2,12,42,7776,107,0,130,269,29,6567,15,15,1706,0,1,2,89,5136,2139,1364,0,1453,618,157,67,2923,255,3157,78,23,3922,4809,8731
HUANUCO,YAROWILCA,154,36.8571428571429,33,95,59,11,61.0909090909091,64,9,2,87,14506,24572,12590,1278,131,507,6529,26,5917,638,6531,24,622,5933,6555,62,0,704,5503,3,98,15,7,0,36,8,161,4705,9,10,1463,0,0,0,4,163,248,5977,0,1768,974,866,2,1820,678,262,8,14,3441,2951,6392
ICA,CHINCHA,5865,40.6826939471441,39,2853,3012,1282,65.5717628705148,67,814,468,585,139664,169636,60889,69260,969,8546,58938,1814,14541,46211,60535,217,51759,8993,60752,38326,167,8771,55,1901,179,2896,4838,1,25786,2351,476,4287,18649,5187,397,1,570,169,9796,223,34083,12293,0,42693,5285,935,4645,1910,507,416,290,453,52433,4701,57134
ICA,ICA,15249,40.2993179433368,39,7392,7857,1559,67.9583066067992,69,944,615,1016,237373,298645,105869,119312,1245,10947,106450,2878,25668,83660,108458,870,94131,15197,109328,72059,207,11989,62,4138,70,3117,8537,1,62216,1773,725,4184,22534,8476,271,1,1632,785,22956,260,54889,19657,1,75513,11461,4271,5183,2179,283,110,541,639,91204,8976,100180
ICA,NAZCA,2470,39.6748987854251,39,1280,1190,266,67.0187969924812,69,164,102,197,42771,57819,20001,20755,260,1755,19921,1088,5339,15670,20793,216,16931,4078,21009,12243,84,4054,12,509,14,786,2333,0,9853,325,260,1763,5309,2446,79,0,176,421,3345,40,11384,4669,0,11249,1437,330,4493,2292,26,25,53,130,17228,2807,20035
ICA,PALPA,1146,37.1806282722513,35.5,568,578,77,66.948051948052,68,53,24,43,9098,11991,4385,4359,48,306,4188,56,1509,2735,4215,29,2278,1966,4244,2103,5,1372,4,263,16,35,328,0,1694,144,37,210,1651,349,41,0,14,5,386,6,2314,1401,0,2879,584,168,194,119,30,88,24,40,3456,670,4126
ICA,PISCO,5857,39.0804165955267,38,2824,3033,622,65.4967845659164,66,410,212,382,91367,113273,42172,43954,652,4589,41678,1027,11337,31368,42512,193,36055,6650,42705,28250,114,2726,19,1080,26,2187,5802,0,20907,887,190,2632,10350,5057,181,0,372,194,7986,128,24125,7399,0,31068,4089,1507,1511,738,86,634,249,322,36631,3573,40204
JUNIN,CHANCHAMAYO,3926,42.0140091696383,40,1808,2118,355,65.5183098591549,67,249,106,436,88039,125327,43805,38205,744,5285,43742,738,17351,27129,44213,267,23081,21399,44480,25361,167,1380,306,1869,305,11354,1003,0,9444,766,201,28110,309,170,2745,0,192,162,2025,2584,20492,16290,0,23609,4242,852,41,7835,2847,2035,174,110,34909,6836,41745
JUNIN,CHUPACA,1730,40.3843930635838,39,952,778,106,63.5,66.5,80,26,171,37232,48231,23896,11190,281,1865,14770,152,5042,9880,14815,107,5784,9138,14922,5857,13,5397,2700,9,53,48,187,0,4388,48,6537,2985,41,36,229,0,107,42,529,192,6202,7192,0,10563,878,239,11,1476,392,514,52,139,11888,2376,14264
JUNIN,CONCEPCION,740,43.6148648648649,43,356,384,79,66.7848101265823,71,55,24,169,34497,47839,18344,13948,369,1836,16300,127,8585,7842,16361,66,5212,11215,16427,3741,9,3528,7730,43,83,118,53,0,2713,45,7534,4733,41,22,217,0,80,35,517,352,4529,9792,0,11104,1183,541,15,1285,422,489,25,241,12810,2495,15305
JUNIN,HUANCAYO,13704,41.7834050937751,40,6617,7087,1391,65.3450754852624,67,836,555,1525,341623,441918,192763,127408,1879,19573,147407,3266,22505,128168,149502,1171,110906,39767,150673,91048,211,27047,16197,131,327,425,682,0,78526,787,26617,28761,763,289,325,0,5583,1681,22132,3741,70789,32136,6,113748,12514,2003,547,4881,796,564,271,744,126699,9369,136068
JUNIN,JAUJA,1081,41.5735430157262,40,492,589,107,64.1588785046729,65,66,41,252,51500,69503,24646,23194,442,3218,25061,242,10436,14867,25203,100,9256,16047,25303,6654,39,7517,8939,62,191,215,124,1,4562,87,14484,4282,101,48,177,1,128,44,683,831,8584,13472,0,18617,1656,491,41,1716,580,344,51,246,21110,2632,23742
JUNIN,JUNIN,550,43.0418181818182,42,239,311,34,67.3235294117647,70.5,21,13,63,12506,17765,7902,3698,136,770,7556,38,2192,5402,7484,110,5616,1978,7594,2674,23,896,3453,13,134,169,26,0,319,42,625,6204,45,27,126,0,25,11,56,3566,1220,2510,0,5179,637,172,2,768,281,261,8,80,6029,1359,7388
JUNIN,SATIPO,4141,34.9777831441681,33,2114,2027,130,61.1615384615385,65,85,45,449,90239,128701,46149,36845,1020,6225,51887,367,34435,17819,51872,382,13883,38371,52254,12128,103,682,382,4101,157,31365,1433,0,5555,1083,134,31281,310,180,11808,0,90,40,938,2226,14720,32337,0,17225,5857,1025,10,11328,3997,10640,191,78,31542,18809,50351
JUNIN,TARMA,1245,43.3670682730924,42,611,634,143,66.7342657342657,68,96,47,253,54541,73433,26099,24617,401,3424,27040,388,6585,20843,27125,303,15304,12124,27428,6751,83,5238,12466,64,237,73,68,0,4829,164,5645,14027,141,44,130,0,385,101,1235,2886,9126,11247,0,17586,2462,399,11,3015,937,408,48,114,22736,2244,24980
JUNIN,YAULI,1182,41.8620981387479,42,601,581,95,66.5578947368421,67,65,30,107,20538,29839,12994,6270,111,1163,10180,452,1546,9086,10576,56,9657,975,10632,6097,30,1344,2271,26,363,63,38,0,3938,98,576,5196,77,41,306,0,596,470,1064,2292,4370,1440,0,7454,1694,240,8,536,175,91,20,14,9146,1086,10232
LA LIBERTAD,ASCOPE,2206,47.836355394379,48,1195,1011,498,67.5401606425703,69,289,209,325,72868,94654,27260,40901,414,4293,30995,721,4443,27273,31525,191,25513,6203,31716,12988,115,16671,52,100,39,71,238,5,11056,514,748,9246,7933,741,36,5,133,60,2971,66,18423,8626,0,24533,1941,483,392,2258,10,199,168,295,28253,2026,30279
LA LIBERTAD,BOLIVAR,18,32.1666666666667,27,11,7,2,44.5,44.5,1,1,41,6274,11373,3522,2217,94,441,4007,35,3267,775,4037,5,363,3679,4042,50,0,668,3041,25,58,4,7,0,27,13,863,2697,82,14,157,0,0,1,5,89,444,3314,0,2169,556,117,0,374,87,518,7,25,2650,1203,3853
LA LIBERTAD,CHEPEN,2386,44.0750209555742,43,1160,1226,365,67.3972602739726,69,241,124,227,49758,66588,20163,26168,355,3072,22071,478,4941,17608,21878,671,15324,7225,22549,7313,24,14060,17,52,11,12,82,0,5340,60,262,12506,3273,117,13,0,48,53,2004,18,13331,6117,0,16291,1249,165,141,2924,0,357,130,314,19933,1638,21571
LA LIBERTAD,GRAN CHIMU,507,40.2504930966469,39,241,266,33,66.3939393939394,70,21,12,77,14484,21851,4215,9046,158,1065,7885,74,4591,3368,7946,13,1590,6369,7959,367,7,7265,21,69,19,9,20,0,187,29,958,6432,104,10,57,0,3,0,73,9,1984,5708,0,2766,1114,60,8,2375,679,742,11,22,6568,1209,7777
LA LIBERTAD,JULCAN,132,44.3484848484849,43.5,40,92,7,50.4285714285714,55,5,2,86,16583,24779,8611,6768,237,967,8978,28,5482,3524,8972,34,799,8207,9006,70,11,7872,682,2,231,2,4,0,46,11,5220,2225,44,28,1300,0,0,1,10,5,677,8181,0,2546,2406,494,0,2674,547,182,5,20,6266,2608,8874
LA LIBERTAD,OTUZCO,862,42.1832946635731,40,372,490,81,70.5061728395062,71,47,34,238,47900,68814,22808,20611,701,3780,23849,208,18819,5238,23265,792,3514,20543,24057,684,16,21943,255,33,83,23,28,0,467,159,14763,7252,49,62,313,0,6,3,119,108,3819,19010,0,11855,4724,261,4,4402,781,887,51,100,19529,3536,23065
LA LIBERTAD,PACASMAYO,1595,43.6833855799373,42,811,784,327,68.7645259938838,69,213,114,275,60149,79705,23759,31841,504,4045,28525,914,4373,25066,28855,584,21736,7703,29439,8981,56,18702,13,384,31,11,95,0,7178,127,331,15737,4606,275,19,0,100,78,3029,101,18309,6656,0,22759,1691,382,844,2158,1,111,96,231,26154,2119,28273
LA LIBERTAD,PATAZ,765,38.9398692810458,36,434,331,48,62.2916666666667,63.5,34,14,185,33458,52983,17526,12728,728,2476,18686,185,12857,6014,18835,36,3920,14951,18871,1452,22,4314,11506,84,40,56,150,1,774,47,6983,8858,77,48,837,1,27,11,180,173,3519,13714,1,9967,3761,636,9,1405,324,1404,45,74,12472,5153,17625
LA LIBERTAD,SANCHEZ CARRION,1632,40.2022058823529,37,756,876,55,68.0545454545455,73,36,19,378,74138,110055,33875,32657,1282,6324,38569,312,26190,12691,37969,912,6659,32222,38881,4304,27,24846,6965,59,83,38,52,0,3755,169,24445,6096,163,152,1594,0,29,7,471,301,7493,28073,0,17895,5752,3047,174,6319,1378,1465,115,229,26119,10255,36374
LA LIBERTAD,SANTIAGO DE CHUCO,534,39.5767790262172,37,239,295,41,71.0487804878049,75,27,14,138,26611,39189,13560,10543,380,2128,14281,81,11775,2587,12412,1950,3340,11022,14362,608,14,9785,2889,37,233,37,36,0,264,88,6898,4747,108,53,1481,0,2,2,33,335,1836,11431,0,6987,1640,1436,7,2337,552,593,21,66,10224,3415,13639
LA LIBERTAD,TRUJILLO,25343,42.7438740480606,41,12901,12442,3238,66.5966646077826,68,2146,1092,2645,606719,790766,189118,373297,2332,41972,239267,11014,21836,228445,247563,2718,221454,28827,250281,158660,594,64405,150,488,730,923,2705,5,144681,996,2188,59005,16485,4989,311,5,13415,2344,56579,545,110983,44769,25,184740,17580,5673,14196,4148,50,125,665,1483,216762,11898,228660
LA LIBERTAD,VIRU,1412,38.8463172804533,36,729,683,229,65.703056768559,68,163,66,237,54010,68712,27807,21640,518,4045,22456,408,6395,16469,22742,122,12420,10444,22864,7588,26,12651,19,252,30,121,1185,0,5795,77,347,9484,4288,1822,59,0,42,38,759,14,9276,11735,8,16327,1360,395,697,2419,155,391,53,75,18809,3063,21872
LAMBAYEQUE,CHICLAYO,23247,44.7596042159604,44,11581,11666,3538,66.4954776710006,67,2245,1293,2265,511371,669481,191094,282879,2593,34805,201489,7042,19661,188870,188768,19763,187620,20911,208531,126222,367,64607,63,779,155,281,1224,1,107835,665,1797,65286,16502,1536,77,1,3325,1975,53917,430,94534,39488,30,160875,11395,5735,4573,6956,23,2055,837,1250,185276,8423,193699
LAMBAYEQUE,FERRENAFE,3389,44.0389495426379,43,1630,1759,373,68.6139410187668,70,219,154,274,55661,78604,26528,25145,603,3385,25153,268,9008,16413,23697,1724,13750,11671,25421,6486,21,17355,34,268,14,16,113,0,4556,66,207,16775,2553,74,76,0,22,36,1648,41,9228,13332,0,15183,1867,1154,139,2651,238,2723,182,170,19122,5185,24307
LAMBAYEQUE,LAMBAYEQUE,6817,42.2700601437583,41,3288,3529,948,66.4736286919831,68,592,356,794,179081,229571,72162,95192,1788,9939,73854,1181,27326,47709,64791,10244,42995,32040,75035,25264,72,39557,55,4139,55,580,2239,2,15672,156,961,51320,2835,916,101,2,237,120,6790,367,30077,34372,0,42646,6287,6491,2901,11643,178,693,365,759,61399,10564,71963
LIMA,BARRANCA,4825,45.8087046632124,45,2256,2569,531,68.3408662900188,70,318,213,395,88427,116953,36411,46106,597,5313,39310,1140,4172,36278,40132,318,33825,6625,40450,22599,95,11586,15,1023,21,409,2378,0,16462,728,219,2963,14376,3293,85,0,344,164,6032,125,23030,8397,34,31656,2470,912,444,1102,118,1168,62,194,35921,2205,38126
LIMA,CAJATAMBO,35,45.8571428571429,50,12,23,43,45.1395348837209,43,12,31,22,3419,5620,1437,1749,41,192,2217,18,1626,609,2216,19,337,1898,2235,97,5,1112,814,25,82,10,14,0,36,3,40,1993,15,9,63,0,2,0,13,30,303,1811,0,1414,101,43,0,204,161,229,4,3,1863,296,2159
LIMA,CANTA,377,43.7612732095491,42,189,188,33,70.3939393939394,72,18,15,44,8886,11546,4398,4054,81,353,3919,59,1363,2615,3952,26,2098,1880,3978,815,31,2104,23,38,141,564,114,0,406,105,83,3056,41,97,42,0,3,2,99,241,1663,1822,0,2307,548,256,216,205,64,172,35,27,3289,541,3830
LIMA,CANETE,7369,41.0036639978287,39,3848,3521,962,64.993762993763,66,591,371,627,146104,180820,62459,75387,1030,7228,64915,1986,7277,59624,66190,711,52796,14105,66901,38137,150,12173,40,2238,35,4596,5585,0,25179,1619,593,9949,20870,4546,198,0,458,205,8815,311,38694,14424,47,43330,4054,1255,8398,3586,125,1548,151,507,52768,10186,62954
LIMA,HUARAL,6778,43.3300383593981,41,3727,3051,657,66.7001522070015,69,444,213,518,118001,150797,47573,61808,839,7781,48337,1662,5809,44190,49124,875,38641,11358,49999,29885,168,12956,187,410,143,1470,1929,0,22279,983,384,8141,12756,2501,104,0,656,259,7298,298,29273,9364,0,33458,3509,826,996,6264,294,1598,62,141,43324,3824,47148
LIMA,HUAROCHIRI,1556,41.1947300771208,40,815,741,193,65.4663212435233,66,121,72,318,66254,87022,33291,29388,379,3196,17104,338,5291,12151,17153,289,10019,7423,17442,5700,123,7473,771,40,328,1569,410,0,3574,255,180,12059,96,120,130,0,58,79,1330,712,8161,6074,0,9293,2704,601,699,1504,918,593,37,65,13368,3046,16414
LIMA,HUAURA,7514,44.3910555037934,43,4083,3431,871,68.3501722158439,70,563,308,621,138122,177424,59687,68950,929,8556,61874,2745,8498,56121,63568,1051,52932,11687,64619,32228,174,20122,450,1126,148,1763,4875,1,23994,1901,600,7111,21871,5245,164,1,738,351,11167,278,33978,14375,0,43244,4853,3307,4252,2581,396,1788,144,322,54709,6178,60887
LIMA,LIMA,389505,42.9269465013814,42,204614,184891,39361,66.6489672518483,68,25381,13980,25256,6038414,7558581,1938310,3717920,28403,353781,2228751,125199,515782,1838168,2329530,24420,2310046,43904,2353950,1850434,10905,51710,562,7089,1244,197660,55594,2,1616788,70951,12324,417514,21627,33153,2841,2,298751,91740,609326,26720,1017917,130607,139,1690717,232583,69695,146223,23016,119,497,2025,10325,2088460,86740,2175200
LIMA,OYON,109,40.7889908256881,37,54,55,25,70.76,73,14,11,46,8430,12601,4419,3563,93,355,4620,58,1932,2746,3755,923,2625,2053,4678,867,21,1027,2444,20,106,76,47,0,522,46,37,3910,17,14,62,0,18,7,113,302,1729,2439,0,2659,1486,54,0,166,59,165,3,16,4304,304,4608
LIMA,YAUYOS,236,44.8050847457627,42.5,125,111,31,71.1290322580645,74,20,11,95,13530,21280,7645,5251,127,507,6817,53,4213,2657,6854,16,1378,5492,6870,592,33,4668,508,154,519,61,186,0,217,60,90,5990,88,54,222,0,0,1,42,298,1251,5129,0,4299,404,119,2,557,445,834,4,57,5756,965,6721
LORETO,ALTO AMAZONAS,2446,38.8679476696648,37,1356,1090,256,62.765625,65,158,98,306,57791,90033,37196,16652,505,3438,28563,446,15387,13622,26737,2272,11404,17605,29009,9619,46,441,49,181,92,16859,680,0,1380,873,108,19455,56,138,5957,0,26,66,1371,3653,9611,13240,0,13116,849,331,191,7725,148,5460,111,36,20021,7946,27967
LORETO,DATEM DEL MARANON,2373,33.2010113780025,32,1180,1193,73,58.1232876712329,64,50,23,152,18889,41743,11948,5820,160,961,10200,49,7994,2255,10108,141,1471,8778,10249,664,8,168,2,57,29,8934,209,0,73,314,115,3738,10,88,5733,0,3,9,64,4107,1500,4388,0,496,117,807,102,3957,104,4090,388,10,4248,5823,10071
LORETO,LORETO,3318,34.919228450874,33,1428,1890,120,63.6166666666667,64,80,40,170,26359,48852,11058,13517,285,1499,13629,97,10490,3236,12576,1150,2835,10891,13726,1338,4,95,6,16,47,11736,310,0,104,576,46,9223,11,59,3533,0,2,7,151,7999,2418,2975,0,1471,307,1859,487,2604,9,6365,422,28,8781,4771,13552
LORETO,MARISCAL RAMON CASTILLA,1371,34.1035740335522,34,578,793,86,58.7325581395349,64,63,23,162,24892,47277,6172,15274,400,3046,10472,78,7842,2708,10229,321,1738,8812,10550,972,4,19,1,0,36,9260,67,0,56,361,35,8297,6,29,1575,0,1,15,167,7660,1634,882,0,1608,411,504,9,1982,13,5101,677,54,6291,4068,10359
LORETO,MAYNAS,13412,39.0719504920966,38,6746,6666,2081,65.7866410379625,68,1400,681,1257,252889,374577,104623,129868,1770,16628,104011,2835,38157,68689,86667,20179,74346,32500,106846,52917,173,307,26,7,133,43590,4654,0,6975,3530,407,82144,160,850,7741,0,176,488,12674,24973,45198,18298,0,64783,4677,4322,4400,9321,99,11442,1760,1003,86512,15295,101807
LORETO,PUTUMAYO,1205,30.7219917012448,30,577,628,15,68.2666666666667,72,13,2,25,2612,6903,825,1596,20,171,1720,4,1297,427,1700,24,277,1447,1724,80,0,4,0,0,2,1607,5,0,2,30,8,1137,0,5,516,0,0,0,3,1310,260,125,0,78,15,0,3,471,1,989,140,1,745,953,1698
LORETO,REQUENA,1539,35.4054580896686,33,621,918,152,65.7565789473684,69.5,95,57,161,25655,46054,8780,15804,198,873,12312,113,9684,2741,11410,1015,2071,10354,12425,1259,5,25,12,6,44,10614,150,1,72,272,109,9270,10,34,2348,1,1,3,128,5787,2786,3411,0,2406,182,183,195,3711,2,5127,282,28,8523,3593,12116
LORETO,UCAYALI,770,42.2493506493507,43,380,390,80,65.85,69,55,25,159,24309,44525,13163,9701,216,1229,12062,94,8375,3781,11869,287,2574,9582,12156,769,14,177,2,10,47,10860,77,0,77,451,151,7328,10,39,3900,0,4,5,165,6674,2531,2577,0,3513,918,713,333,1940,7,4335,66,131,6898,5058,11956
MADRE DE DIOS,MANU,619,37.3683360258482,37,295,324,18,51.3888888888889,55,14,4,44,8081,12413,5913,1563,56,549,5553,50,2389,3214,4895,708,3621,1982,5603,2103,39,82,1,3,4,3180,80,0,466,170,8,4293,17,14,524,0,10,10,174,1449,2549,1300,0,1542,1282,273,141,1202,155,800,67,30,3686,1806,5492
MADRE DE DIOS,TAHUAMANU,1037,36.2304725168756,35,521,516,28,67.0357142857143,65,19,9,28,5688,7981,3328,1831,50,479,3054,66,975,2145,2166,954,2483,637,3120,991,8,58,0,0,4,1884,33,0,102,125,12,2580,7,3,149,0,4,4,170,1057,1120,623,0,1356,515,75,19,789,64,139,9,12,2458,520,2978
MADRE DE DIOS,TAMBOPATA,7931,38.2868852459016,37,3960,3971,401,62.2244389027432,63,294,107,324,72056,96119,48146,19978,442,3490,31812,877,7101,25588,26063,6626,29699,2990,32689,17916,351,568,14,2,22,11246,792,0,5939,1147,97,22893,195,173,467,0,112,128,3292,1941,20909,4529,0,20280,3693,923,1883,2932,131,903,120,46,26880,4031,30911
MOQUEGUA,GENERAL SANCHEZ CERRO,455,45.7956043956044,44,227,228,17,78.3529411764706,81,13,4,52,9654,13091,7860,1428,51,315,6370,35,4424,1981,6391,14,1156,5249,6405,1239,12,4471,27,121,214,92,42,0,624,31,36,5009,77,11,430,0,0,7,87,16,1776,4332,0,2094,257,122,46,2447,874,350,18,10,3565,2653,6218
MOQUEGUA,ILO,4621,40.8597706124216,41,2238,2383,356,66.3174157303371,69,255,101,216,49898,63147,30351,16620,310,2617,22935,860,1526,22269,23712,83,23138,657,23795,18559,89,137,5,40,8,880,3074,0,15743,346,333,4394,284,1665,27,0,462,1033,4958,97,13293,2948,1,18478,1196,2353,684,35,0,17,14,15,20798,1994,22792
MOQUEGUA,MARISCAL NIETO,10749,42.6216392222532,42,5547,5202,516,69.6744186046512,71,373,143,256,56730,72129,42309,11530,269,2622,27647,1155,6241,22561,28656,146,21527,7275,28802,14363,44,6507,14,149,227,2215,3928,0,12570,414,149,12388,762,1089,75,0,253,928,3590,124,13742,8810,0,20312,1315,3649,416,659,268,577,94,157,24111,3336,27447
PASCO,DANIEL ALCIDES CARRION,536,37.6056074766355,36,272,264,36,70.0555555555556,71.5,19,17,85,15928,24010,12965,2156,122,685,10955,43,7886,3112,10754,244,3508,7490,10998,897,20,864,8303,5,87,24,76,0,356,44,235,9008,29,19,585,0,14,3,57,876,1145,8181,0,2140,2770,1616,5,2153,1380,154,31,27,7023,3253,10276
PASCO,OXAPAMPA,1650,37.8915151515152,37,784,866,68,61.7941176470588,65,45,23,252,47122,73315,18793,25276,446,2607,24702,246,12157,12791,24828,120,10860,14088,24948,6523,85,766,40,472,120,14039,1170,0,1714,1061,47,16642,97,149,3505,0,68,35,1174,6471,9794,5672,1,8454,3225,865,33,5263,1640,3620,52,63,15778,7437,23215
PASCO,PASCO,4184,39.564292543021,38,2091,2093,232,61.25,62,145,87,358,71871,103357,51093,16490,454,3834,32847,404,7611,25640,32923,328,24237,9014,33251,17832,139,3518,8135,52,298,250,223,0,3578,400,649,25288,88,70,374,0,437,214,1458,11248,10219,6871,0,16208,8016,1268,481,2112,834,842,448,238,26369,4078,30447
PIURA,AYABACA,1050,41.74,39,519,531,101,66.3663366336634,72,66,35,339,53998,98436,37307,13616,581,2494,31348,158,22871,8635,30439,1067,4147,27359,31506,930,13,28403,124,758,20,92,122,0,341,96,16244,13592,55,50,84,0,2,10,136,225,3560,26529,0,7620,5751,3164,18,6095,3064,4590,37,123,21252,9210,30462
PIURA,HUANCABAMBA,494,44.2651821862348,42,256,238,114,71.3070175438597,72,78,36,317,57435,90647,36285,16342,819,3989,31747,228,24755,7220,31494,481,3520,28455,31975,929,18,27297,935,1344,54,606,84,2,357,261,4312,26131,71,28,107,2,5,9,155,355,3712,27033,0,7756,6682,5539,34,1561,4159,5321,134,83,22814,8455,31269
PIURA,MORROPON,1784,44.1681614349776,42.5,900,884,716,68.4483240223464,70,481,235,455,97298,131526,38125,51603,1002,6568,46124,603,21784,24943,43850,2877,18734,27993,46727,14427,84,25989,84,2354,95,308,1603,0,3489,101,11396,29542,175,213,28,0,35,97,1454,23,13562,29773,0,28376,4076,1946,2204,5327,1261,998,239,517,38380,6564,44944
PIURA,PAITA,4233,41.2969525159461,40,1942,2291,565,66.5115044247788,67,360,205,316,72694,90955,28079,39073,628,4914,34293,726,7717,27302,25354,9665,31181,3838,35019,19127,222,2475,50,8278,128,597,2741,0,6060,127,343,26178,488,361,61,0,31,168,3412,135,16367,13502,3,22789,1480,1071,6391,173,0,173,405,1136,29732,3886,33618
PIURA,PIURA,20513,41.5682527301092,41,10338,10175,2933,65.8421411524037,67,1919,1014,1996,453696,580987,150379,270148,2855,30314,199828,5441,57879,147390,175981,29288,147059,58210,205269,108615,557,27413,587,27669,330,2854,25866,0,51769,441,2515,131950,1975,4967,274,0,650,1133,35509,293,62137,94169,0,128943,12207,12421,13000,4851,253,17151,2085,2980,169963,23928,193891
PIURA,SECHURA,1071,40.7404295051354,40,580,491,228,62.7368421052632,63.5,155,73,189,43618,53845,16243,25082,347,1946,20080,375,5645,14810,15805,4650,13867,6588,20455,13492,158,676,8,1746,21,105,3591,0,5767,62,324,12268,388,964,24,0,32,41,2536,21,9222,7945,0,13409,849,1604,2468,544,1,20,191,711,16477,3320,19797
PIURA,SULLANA,9463,41.7525097749128,41,4662,4801,1291,66.1223857474826,68,836,455,833,192760,243023,50265,127220,1419,13856,81663,1767,21929,61501,60628,22802,70482,12948,83430,40414,191,16285,99,17535,309,1654,2217,0,15705,231,2624,58685,846,418,195,0,144,281,9710,103,38506,29958,2,51801,6734,4301,8335,1491,22,3484,1082,1454,71068,7636,78704
PIURA,TALARA,3776,44.067531779661,43,2166,1610,565,66.7203539823009,66,388,177,366,80589,107029,32122,41366,565,6536,37246,1059,5054,33251,32171,6134,37720,585,38305,24566,186,270,40,1406,26,2078,8015,0,12364,818,547,20939,450,1401,68,0,211,244,7502,524,21929,6177,0,27556,3416,1614,2049,90,4,43,909,906,33366,3221,36587
PUNO,AZANGARO,929,40.1108719052745,37,488,441,69,59.8115942028986,61,43,26,335,82099,98243,75730,3619,369,2381,39548,196,24469,15275,39623,121,34522,5222,39744,3962,78,31747,90,19,1324,14,25,0,3117,63,210,23040,129,49,10651,0,59,19,94,621,5247,31219,0,9532,2758,3510,56,18079,1516,1520,109,179,27035,10224,37259
PUNO,CARABAYA,535,37.9252336448598,36,276,259,27,55.9259259259259,58,18,9,159,35146,45084,29851,3449,258,1588,25178,109,16443,8844,25015,272,12165,13122,25287,1226,484,11991,70,22,5262,4337,458,0,1002,253,108,15161,81,218,7027,0,48,11,83,1704,2460,19544,0,6793,3344,1430,0,4434,2477,5197,126,49,12887,10963,23850
PUNO,CHUCUITO,688,40.5654069767442,39,365,323,58,63.9655172413793,63,46,12,205,47509,60004,42898,2888,219,1504,36616,128,22710,14034,36434,310,24334,12410,36744,5834,87,28575,110,4,1317,2,14,0,3472,80,275,20367,96,37,11616,0,82,24,142,517,6380,28798,0,8470,5458,4507,112,13823,991,2117,153,312,23149,12794,35943
PUNO,EL COLLAO,554,43.8664259927798,42,305,249,69,66.463768115942,67,48,21,183,42932,53327,39090,2178,209,1455,25929,143,12378,13694,25918,154,21103,4969,26072,7391,59,17257,44,18,839,13,21,0,4182,59,126,17723,106,29,3417,0,106,42,233,165,6159,18937,0,5337,1197,1781,61,15857,197,1043,85,84,18355,7287,25642
PUNO,HUANCANE,573,44.022687609075,43,319,254,56,63.3392857142857,64,38,18,190,44729,54989,40688,2194,247,1600,23625,105,12225,11505,23608,122,15229,8501,23730,1415,26,20909,62,1,603,4,10,0,972,36,127,15813,49,20,6013,0,21,4,36,560,3316,19093,0,7212,2080,2935,28,9603,452,443,68,209,17896,5134,23030
PUNO,LAMPA,570,41.4727592267135,40,268,302,37,63.7027027027027,70,19,18,125,30077,35855,26417,2492,135,1033,16114,82,8795,7401,16141,55,12733,3463,16196,1079,14,11891,60,1,2169,16,57,0,779,17,139,9602,14,22,4714,0,19,4,43,406,2943,11872,0,4694,975,708,16,6455,971,1400,32,36,9227,6060,15287
PUNO,MELGAR,748,39.6978609625668,38,423,325,60,65.8166666666667,65,34,26,187,43860,54677,39150,2794,203,1713,22505,178,10519,12164,22604,79,20906,1777,22683,2752,33,16767,26,10,1221,25,24,0,2181,40,96,14900,50,25,3566,0,110,35,142,1261,4178,15132,0,10302,1822,1592,40,4475,803,1626,96,102,14460,6398,20858
PUNO,MOHO,128,48.3046875,47.5,57,71,17,65.5882352941177,72,10,7,74,15471,21352,13967,783,114,607,8963,40,6652,2351,8982,21,3431,5572,9003,169,9,8352,23,1,361,0,3,0,110,20,42,6639,9,7,2091,0,5,0,8,343,680,7882,0,4622,2293,575,4,1108,134,115,17,50,6924,1994,8918
PUNO,PUNO,6131,41.9634584013051,41,3128,3003,512,64.193359375,66,294,218,627,150868,182477,121889,21223,701,7055,75362,815,27566,48611,75884,293,56356,19821,76177,31037,605,36536,99,36,2373,64,153,2,25973,137,486,38789,308,86,5124,2,3076,1133,3361,1485,25526,36324,0,35338,5365,4570,331,21427,1560,1610,282,422,54867,16038,70905
PUNO,SAN ANTONIO DE PUTINA,288,39.0243055555556,37,168,120,19,50.6842105263158,49,13,6,78,19273,22609,17280,1251,74,668,12597,126,5839,6884,12678,45,10942,1781,12723,1971,139,5761,18,7,1466,567,2386,0,1008,131,53,7896,50,328,2849,0,57,20,48,1879,2091,8220,0,3250,680,949,2707,2784,666,725,291,263,8619,3696,12315
PUNO,SAN ROMAN,7107,41.5238497256226,40,3517,3590,569,61.0070298769772,62,375,194,747,190424,220844,151974,29911,632,7907,90494,1644,13154,78984,91525,613,75714,16424,92138,57792,230,20496,61,44,310,112,119,0,47002,238,412,29481,791,75,1165,0,1716,573,3189,1158,45092,27434,2,42418,2071,2197,95,31798,126,142,125,192,71777,7387,79164
PUNO,SANDIA,360,39.2527777777778,37,145,215,31,59.8387096774194,62,18,13,148,32569,41947,27808,3274,198,1289,20030,79,12677,7432,20030,79,3355,16754,20109,1606,231,1350,3737,138,8890,2597,876,0,999,86,136,15583,74,379,2168,0,16,11,47,977,2580,15794,0,3236,2628,2076,11,5177,2536,3329,348,84,10166,9259,19425
PUNO,YUNGUYO,306,45.6699346405229,46,149,157,46,65.0217391304348,69.5,32,14,105,21897,30608,19071,1683,137,1006,14298,65,6703,7660,14278,85,4904,9459,14363,3221,20,10716,27,2,78,3,8,0,2454,44,106,10940,82,10,439,0,121,23,104,445,3778,9604,0,6700,3904,1062,35,1726,82,256,110,200,11455,2620,14075
SAN MARTIN,BELLAVISTA,1235,39.7603238866397,38,533,702,77,61.961038961039,64,50,27,146,28669,41349,17096,9708,343,1522,14703,186,7485,7404,14766,123,4999,9890,14889,5088,27,956,163,3306,133,4417,461,0,1093,254,40,12053,122,45,944,0,12,26,440,149,4898,9026,0,6085,1704,688,88,952,159,4690,49,136,11361,3190,14551
SAN MARTIN,EL DORADO,1770,36.245197740113,34,742,1028,49,62.8367346938776,69,36,13,101,21120,28470,11569,7269,261,2021,9321,84,5701,3704,9315,90,1820,7585,9405,2430,8,1907,1226,648,133,2646,173,0,169,217,67,8059,47,33,579,0,1,7,75,139,2528,6412,9,5474,1189,614,6,345,73,1398,21,51,7140,2031,9171
SAN MARTIN,HUALLAGA,1056,41.0662878787879,39,429,627,53,69.8867924528302,73,35,18,76,15267,22093,8189,5824,178,1076,7969,110,3457,4622,8046,33,2549,5530,8079,2910,19,350,156,1191,72,2956,81,0,461,192,300,6280,72,15,415,0,2,8,183,144,3077,4321,0,5405,423,243,3,338,37,1204,49,33,5616,2119,7735
SAN MARTIN,LAMAS,2051,38.801072647489,38,884,1167,112,63.9017857142857,68,74,38,225,47099,64173,23338,19430,661,3670,21691,381,11097,10975,21835,237,5237,16835,22072,7188,27,1815,2185,2041,224,7613,397,0,604,354,281,18831,136,110,1174,0,7,19,513,512,8505,11883,51,12216,2557,1060,20,3160,247,2136,59,35,17851,3639,21490
SAN MARTIN,MARISCAL CACERES,1797,37.2877017250974,35,825,972,181,68.4972375690608,72,128,53,163,32933,48315,16909,13410,329,2285,16791,274,6112,10953,16902,163,7095,9970,17065,7190,22,579,182,671,99,7309,295,0,2350,447,38,12537,85,59,831,0,48,66,948,262,7083,7940,0,9896,1651,562,41,794,131,3215,29,28,14106,2241,16347
SAN MARTIN,MOYOBAMBA,3371,38.1014535746069,36,1650,1721,167,66.7425149700599,67,101,66,332,69955,96987,36838,27454,653,5010,33006,787,11681,22112,33523,270,15040,18753,33793,18791,71,697,205,3873,94,8336,210,0,6017,815,880,23960,372,82,151,0,82,140,2913,313,15593,13226,10,22560,3842,927,14,2756,336,1594,188,60,28518,3759,32277
SAN MARTIN,PICOTA,851,37.235017626322,36,387,464,101,68.4059405940594,71,61,40,112,24087,32215,12310,10474,241,1062,10862,83,4968,5977,10791,154,3484,7461,10945,3840,15,779,78,2333,98,3056,338,0,569,140,96,9210,95,32,395,0,3,24,293,133,3969,6113,2,6050,1297,828,76,880,101,1265,27,13,8909,1628,10537
SAN MARTIN,RIOJA,3072,36.5927734375,34,1376,1696,130,60.9769230769231,62,89,41,334,71287,99156,40384,25885,746,4272,33646,448,12333,21761,33851,243,14120,19974,34094,17636,29,494,105,1907,63,11436,257,0,5599,1106,443,24270,194,50,265,0,46,54,1586,345,17057,12839,0,22832,3915,1072,19,2525,126,1248,99,91,27436,4491,31927
SAN MARTIN,SAN MARTIN,8207,40.5455099305471,39,4079,4128,627,64.2121212121212,66,432,195,504,113808,146743,49503,56609,818,6878,51603,1693,11036,42260,52235,1061,38092,15204,53296,30160,117,8247,2117,1565,213,4652,1584,0,9092,1072,745,35580,477,474,1215,0,143,279,9499,769,27114,10850,1,39283,3572,1467,230,1757,261,1868,88,129,45964,2691,48655
SAN MARTIN,TOCACHE,2197,38.1979972690032,36,1032,1165,106,64.9716981132076,66,72,34,195,40609,56829,25181,12684,427,2317,18520,506,6985,12041,18920,106,9016,10010,19026,8337,52,845,175,160,69,8123,339,0,2565,495,49,14340,90,65,496,0,32,45,647,366,9601,7409,0,9569,1861,757,15,3745,106,1895,116,36,15077,3023,18100
TACNA,CANDARAVE,133,45.8872180451128,44,69,64,5,66.8,66,5,0,23,4228,5893,3725,400,12,91,2551,25,1868,708,2565,11,327,2249,2576,192,6,2075,2,2,69,26,41,0,86,9,25,2228,6,9,50,0,0,0,6,4,309,2094,0,1091,40,19,0,747,264,248,1,3,1834,579,2413
TACNA,JORGE BASADRE,406,39.6896551724138,37,252,154,15,72.3333333333333,70,10,5,30,6457,8544,5152,1087,20,198,2470,698,1417,1751,3125,43,1915,1253,3168,1367,9,335,6,107,2,418,818,3,1039,146,47,1376,184,266,4,3,52,636,99,16,1239,1023,0,2447,93,145,195,68,5,107,4,1,2652,413,3065
TACNA,TACNA,13710,41.4919766593727,41,6805,6905,778,65.1169665809769,67,546,232,897,209028,262229,141357,56145,1027,10499,93554,2715,10895,85374,94426,1843,83870,12399,96269,77180,456,3195,56,336,90,2160,6308,0,50551,927,515,32619,2295,2742,131,1,2677,2501,14902,329,47681,21677,14,66286,3645,13115,3477,2502,57,460,95,144,78453,11328,89781
TACNA,TARATA,140,46.55,45,66,74,10,77,78.5,7,3,24,4821,6308,3989,675,27,130,2440,25,1832,633,2459,6,325,2140,2465,171,7,1977,4,20,87,9,11,0,61,9,7,2040,51,3,115,0,0,0,8,24,319,1935,0,1530,34,16,0,316,84,300,3,3,1619,667,2286
TUMBES,CONTRALMIRANTE VILLAR,486,42.5802469135803,41,249,237,70,69.7142857142857,72.5,49,21,56,12162,15341,3159,8411,83,509,5680,110,1034,4756,4870,920,4735,1055,5790,2408,73,136,22,2470,25,366,123,0,555,64,135,4686,118,42,23,0,10,11,497,34,3532,1539,0,3515,616,345,773,148,9,6,34,177,4884,739,5623
TUMBES,TUMBES,7419,39.0780428629195,37,3707,3712,579,65.4611398963731,66,366,213,399,92348,117309,31485,53536,583,6744,41377,1506,4651,38232,41037,1846,37890,4993,42883,20938,289,2397,89,15657,367,1170,684,0,8126,405,264,31809,857,124,6,0,99,155,6664,184,23441,11048,0,30193,3796,1710,2449,311,14,1426,425,1267,37939,3652,41591
TUMBES,ZARUMILLA,1599,38.4336670838548,38,700,899,133,62.0451127819549,64,91,42,119,26890,35121,6820,18117,186,1767,13636,289,1818,12107,13631,294,11535,2390,13925,7589,50,2064,58,3002,41,601,283,0,1834,51,50,11520,205,23,5,0,22,30,1258,52,6628,5698,0,7943,2312,592,1908,207,0,120,167,439,11935,1753,13688
UCAYALI,ATALAYA,483,37.5569358178054,34,216,267,44,55.0454545454546,61,24,20,129,19764,37838,8287,9615,372,1490,12227,87,8500,3814,12064,250,3172,9142,12314,1366,12,287,3,18,32,10115,296,0,305,385,44,5236,27,84,6048,0,13,17,186,4959,3168,3786,0,3164,1507,671,8,1677,242,4745,80,35,4846,7283,12129
UCAYALI,CORONEL PORTILLO,16653,41.057166876839,40,7934,8719,1526,62.8315858453473,67,998,528,1008,212874,299131,89402,109284,1591,12597,91586,2017,20452,73151,86264,7339,63982,29621,93603,23193,211,628,38,72,172,63314,2330,0,7156,6552,507,68583,261,689,6209,1,147,166,6781,17270,40786,24800,8,43393,12820,2654,876,24088,29,3929,361,1808,74424,15534,89958
UCAYALI,PADRE ABAD,1676,36.2368735083532,35,769,907,90,55.6888888888889,60,60,30,169,35666,49879,23023,10287,322,2034,15483,168,5595,10056,15359,292,7604,8047,15651,3940,23,122,4,18,35,10670,193,1,1141,924,64,11379,47,37,1413,1,16,20,404,2428,7084,5052,2,7275,1955,784,91,2516,148,2044,106,87,11379,3627,15006
UCAYALI,PURUS,351,40.1566951566952,41,156,195,2,53,53,2,0,11,1489,3041,369,1054,15,51,687,1,572,116,600,88,178,510,688,12,0,2,0,0,0,663,6,0,0,23,2,257,4,3,394,0,0,0,0,520,90,73,0,2,24,0,0,485,8,163,0,1,284,399,683
